{
  "hybrid_metrics_all": {
    "precision_at_5": 6.517329189865769e-05,
    "recall_at_5": 0.00024547887263153353,
    "map_at_5": 0.00020985596174965588
  },
  "hybrid_metrics_pos": {
    "precision_at_5": 0.0021636337584181116,
    "recall_at_5": 0.008149448345035105,
    "map_at_5": 0.006966833038798936
  }
}